USE HotelResort;
GO

SET IDENTITY_INSERT TipoHabitacion ON;
INSERT INTO TipoHabitacion (IDTipo, Descripcion, Capacidad) VALUES
(1, N'Estndar', 2),
(2, N'Superior', 3),
(3, N'Suite', 4);
SET IDENTITY_INSERT TipoHabitacion OFF;

SET IDENTITY_INSERT Cliente ON;
INSERT INTO Cliente (IDCliente, Nombre, Apellido, DNI, Pasaporte, Email, Telefono, Estado) VALUES
(1, N'Bautista', N'Suárez', N'30745741', N'AA9127513', N'bautista.suarez2@correo.com', N'+54 9 11 4565-5945', N'Inactivo'),
(2, N'Bruno', N'Herrera', N'14980903', N'AA7920294', N'bruno.herrera64@correo.com', N'+54 9 11 5187-4581', N'Inactivo'),
(3, N'Emma', N'Ojeda', N'18375039', N'AA1477917', N'emma.ojeda1@correo.com', N'+54 9 11 4244-1305', N'Inactivo'),
(4, N'Renata', N'Maidana', N'44578847', N'AA3593022', N'renata.maidana41@correo.com', N'+54 9 11 4712-6475', N'Activo'),
(5, N'Benjamín', N'Martínez', N'36664567', N'AA6634300', N'benjamin.martinez45@correo.com', N'+54 9 11 4769-6001', N'Inactivo'),
(6, N'Malena', N'Ponce', N'23027599', N'AA7807968', N'malena.ponce71@correo.com', N'+54 9 11 5260-4884', N'Activo'),
(7, N'Aylén', N'Rojas', N'30923748', N'AA6886028', N'aylen.rojas81@correo.com', N'+54 9 11 4121-5315', N'Activo'),
(8, N'Ramiro', N'Peralta', N'19871438', N'AA4816520', N'ramiro.peralta33@correo.com', N'+54 9 11 4489-4906', N'Activo'),
(9, N'Joaquín', N'Rojas', N'29894862', N'AA5958310', N'joaquin.rojas10@correo.com', N'+54 9 11 5038-1269', N'Activo'),
(10, N'Joaquín', N'Martínez', N'36526732', N'AA2262951', N'joaquin.martinez73@correo.com', N'+54 9 11 5878-6886', N'Activo'),
(11, N'Paula', N'Rojas', N'54358904', N'AA2768427', N'paula.rojas89@correo.com', N'+54 9 11 5199-5364', N'Inactivo'),
(12, N'Máximo', N'Vázquez', N'48948627', N'AA2937955', N'maximo.vazquez23@correo.com', N'+54 9 11 4123-1000', N'Inactivo'),
(13, N'Santiago', N'Álvarez', N'18553694', N'AA8122397', N'santiago.alvarez47@correo.com', N'+54 9 11 4448-6202', N'Activo'),
(14, N'Carolina', N'Ferreyra', N'26441703', N'AA4853779', N'carolina.ferreyra50@correo.com', N'+54 9 11 5317-4780', N'Inactivo'),
(15, N'Melina', N'Peralta', N'23636675', N'AA9494498', N'melina.peralta46@correo.com', N'+54 9 11 4795-5858', N'Inactivo'),
(16, N'Olivia', N'Benítez', N'11002676', N'AA6942433', N'olivia.benitez27@correo.com', N'+54 9 11 4108-1778', N'Activo'),
(17, N'Mía', N'Martínez', N'10792827', N'AA5937616', N'mia.martinez3@correo.com', N'+54 9 11 4081-6992', N'Activo'),
(18, N'Candelaria', N'Medina', N'33400190', N'AA7402613', N'candelaria.medina3@correo.com', N'+54 9 11 4377-3493', N'Activo'),
(19, N'Zoe', N'Luna', N'53083298', N'AA6401057', N'zoe.luna24@correo.com', N'+54 9 11 4086-2913', N'Activo'),
(20, N'Martina', N'Cabrera', N'40723168', N'AA5581341', N'martina.cabrera15@correo.com', N'+54 9 11 5329-3993', N'Activo'),
(21, N'Paula', N'Sosa', N'49565641', N'AA8909236', N'paula.sosa18@correo.com', N'+54 9 11 5736-1997', N'Inactivo'),
(22, N'Catalina', N'Martínez', N'35585668', N'AA6463070', N'catalina.martinez79@correo.com', N'+54 9 11 5648-6796', N'Inactivo'),
(23, N'Nayla', N'Díaz', N'56343542', N'AA6644521', N'nayla.diaz9@correo.com', N'+54 9 11 5422-1693', N'Activo'),
(24, N'Mía', N'Vega', N'59894381', N'AA2256201', N'mia.vega2@correo.com', N'+54 9 11 5591-3141', N'Inactivo'),
(25, N'Rocío', N'García', N'41309890', N'AA9723969', N'rocio.garcia59@correo.com', N'+54 9 11 4589-7970', N'Inactivo'),
(26, N'Renata', N'Ruiz', N'24475668', N'AA6447748', N'renata.ruiz95@correo.com', N'+54 9 11 5658-4667', N'Inactivo'),
(27, N'Santiago', N'Moreno', N'25963698', N'AA7109489', N'santiago.moreno75@correo.com', N'+54 9 11 4022-4299', N'Inactivo'),
(28, N'Brisa', N'Ruiz', N'15243740', N'AA8110777', N'brisa.ruiz68@correo.com', N'+54 9 11 4123-7547', N'Inactivo'),
(29, N'Ramiro', N'Ibarra', N'34606395', N'AA6761134', N'ramiro.ibarra66@correo.com', N'+54 9 11 4652-6023', N'Activo'),
(30, N'Valentina', N'Campos', N'36687362', N'AA4531388', N'valentina.campos66@correo.com', N'+54 9 11 5155-3101', N'Inactivo'),
(31, N'Brisa', N'Benítez', N'17301905', N'AA3863981', N'brisa.benitez6@correo.com', N'+54 9 11 5622-5241', N'Inactivo'),
(32, N'Mía', N'Ruiz', N'53988643', N'AA8425595', N'mia.ruiz16@correo.com', N'+54 9 11 5792-4459', N'Inactivo'),
(33, N'Emilio', N'Castro', N'36885231', N'AA7922246', N'emilio.castro68@correo.com', N'+54 9 11 5579-5132', N'Activo'),
(34, N'Máximo', N'Torres', N'36938101', N'AA2341410', N'maximo.torres11@correo.com', N'+54 9 11 4845-4495', N'Inactivo'),
(35, N'Ramiro', N'Cabrera', N'41676657', N'AA6444826', N'ramiro.cabrera18@correo.com', N'+54 9 11 4898-4909', N'Inactivo'),
(36, N'Zoe', N'Peralta', N'37183052', N'AA4354676', N'zoe.peralta44@correo.com', N'+54 9 11 4891-5410', N'Inactivo'),
(37, N'Aylén', N'Rojas', N'32580962', N'AA6495272', N'aylen.rojas31@correo.com', N'+54 9 11 4824-8985', N'Inactivo'),
(38, N'Mateo', N'López', N'59672499', N'AA2042501', N'mateo.lopez25@correo.com', N'+54 9 11 4509-7806', N'Activo'),
(39, N'Paula', N'Domínguez', N'36654243', N'AA9088626', N'paula.dominguez12@correo.com', N'+54 9 11 5384-7763', N'Inactivo'),
(40, N'Thiago', N'Sánchez', N'13226098', N'AA9023796', N'thiago.sanchez79@correo.com', N'+54 9 11 4154-1376', N'Inactivo'),
(41, N'Camila', N'Vera', N'14213633', N'AA5090881', N'camila.vera31@correo.com', N'+54 9 11 5872-9024', N'Activo'),
(42, N'Agustina', N'Suárez', N'15603294', N'AA4235587', N'agustina.suarez32@correo.com', N'+54 9 11 5638-2537', N'Activo'),
(43, N'Abril', N'Ruiz', N'17081459', N'AA8823267', N'abril.ruiz75@correo.com', N'+54 9 11 5453-6085', N'Inactivo'),
(44, N'Pilar', N'Cabrera', N'45595556', N'AA7345411', N'pilar.cabrera48@correo.com', N'+54 9 11 4511-1493', N'Inactivo'),
(45, N'Ramiro', N'Ferreyra', N'43864502', N'AA4480881', N'ramiro.ferreyra2@correo.com', N'+54 9 11 5338-5070', N'Activo'),
(46, N'Ramiro', N'Acosta', N'43264058', N'AA9263045', N'ramiro.acosta94@correo.com', N'+54 9 11 5233-3654', N'Activo'),
(47, N'Joaquín', N'Ibarra', N'19621394', N'AA6554070', N'joaquin.ibarra92@correo.com', N'+54 9 11 5863-2628', N'Activo'),
(48, N'Jazmín', N'Sosa', N'41854524', N'AA4567026', N'jazmin.sosa38@correo.com', N'+54 9 11 5153-8903', N'Inactivo'),
(49, N'Lorenzo', N'Figueroa', N'40146722', N'AA6538338', N'lorenzo.figueroa97@correo.com', N'+54 9 11 5925-7712', N'Inactivo'),
(50, N'Candelaria', N'Sosa', N'41270148', N'AA7266409', N'candelaria.sosa90@correo.com', N'+54 9 11 4081-9007', N'Activo'),
(51, N'Malena', N'Arias', N'58673147', N'AA6598601', N'malena.arias33@correo.com', N'+54 9 11 5596-9210', N'Activo'),
(52, N'Bianca', N'Ferreyra', N'44345513', N'AA9599036', N'bianca.ferreyra25@correo.com', N'+54 9 11 5972-9554', N'Activo'),
(53, N'Sol', N'Herrera', N'26204892', N'AA5379991', N'sol.herrera29@correo.com', N'+54 9 11 5161-6591', N'Activo'),
(54, N'Valentina', N'Medina', N'23956256', N'AA4535751', N'valentina.medina7@correo.com', N'+54 9 11 5038-5363', N'Inactivo'),
(55, N'Julieta', N'Moreno', N'49260369', N'AA7752300', N'julieta.moreno88@correo.com', N'+54 9 11 5171-1153', N'Inactivo'),
(56, N'Benjamín', N'Álvarez', N'31103429', N'AA3922227', N'benjamin.alvarez59@correo.com', N'+54 9 11 4102-9122', N'Activo'),
(57, N'Rocío', N'Herrera', N'39283615', N'AA1258419', N'rocio.herrera42@correo.com', N'+54 9 11 4583-5584', N'Activo'),
(58, N'Delfina', N'García', N'15685148', N'AA4362431', N'delfina.garcia63@correo.com', N'+54 9 11 4823-5569', N'Activo'),
(59, N'Bruno', N'Molina', N'15526551', N'AA1049077', N'bruno.molina71@correo.com', N'+54 9 11 5811-5395', N'Activo'),
(60, N'Valentina', N'González', N'20380291', N'AA6724723', N'valentina.gonzalez54@correo.com', N'+54 9 11 4789-9110', N'Inactivo'),
(61, N'Pilar', N'Moreno', N'34102529', N'AA5040335', N'pilar.moreno30@correo.com', N'+54 9 11 4441-9860', N'Activo'),
(62, N'Zoe', N'Carrizo', N'25951586', N'AA9824247', N'zoe.carrizo88@correo.com', N'+54 9 11 4516-6239', N'Activo'),
(63, N'Rocío', N'Sánchez', N'39250674', N'AA8009545', N'rocio.sanchez85@correo.com', N'+54 9 11 5370-4306', N'Activo'),
(64, N'Joaquín', N'Cardozo', N'41201389', N'AA8152316', N'joaquin.cardozo67@correo.com', N'+54 9 11 4797-4672', N'Activo'),
(65, N'Olivia', N'Fernández', N'39725249', N'AA3705252', N'olivia.fernandez3@correo.com', N'+54 9 11 5013-3582', N'Inactivo'),
(66, N'Valentina', N'Fernández', N'50575829', N'AA4160971', N'valentina.fernandez25@correo.com', N'+54 9 11 4731-7204', N'Activo'),
(67, N'Agustina', N'Vázquez', N'49151292', N'AA7573849', N'agustina.vazquez36@correo.com', N'+54 9 11 4003-2710', N'Inactivo'),
(68, N'Candelaria', N'Rojas', N'12284114', N'AA1822388', N'candelaria.rojas69@correo.com', N'+54 9 11 5817-2340', N'Activo'),
(69, N'Alma', N'Martínez', N'47833301', N'AA2079871', N'alma.martinez12@correo.com', N'+54 9 11 5268-4137', N'Inactivo'),
(70, N'Thiago', N'Benítez', N'36973558', N'AA2004763', N'thiago.benitez45@correo.com', N'+54 9 11 4892-5378', N'Inactivo'),
(71, N'Tomás', N'Suárez', N'26014973', N'AA9628913', N'tomas.suarez2@correo.com', N'+54 9 11 5523-4056', N'Activo'),
(72, N'Sofía', N'Rojas', N'54903437', N'AA8901788', N'sofia.rojas31@correo.com', N'+54 9 11 4776-5084', N'Inactivo'),
(73, N'Alma', N'Carrizo', N'19709877', N'AA1647586', N'alma.carrizo41@correo.com', N'+54 9 11 5238-3279', N'Activo'),
(74, N'Zoe', N'Díaz', N'26329949', N'AA6631501', N'zoe.diaz19@correo.com', N'+54 9 11 5283-9838', N'Inactivo'),
(75, N'Ramiro', N'Carrizo', N'17410576', N'AA3573859', N'ramiro.carrizo56@correo.com', N'+54 9 11 5476-9629', N'Activo'),
(76, N'Olivia', N'Romero', N'54841839', N'AA4666590', N'olivia.romero40@correo.com', N'+54 9 11 5780-2522', N'Inactivo'),
(77, N'Carolina', N'Carrizo', N'45709436', N'AA6973876', N'carolina.carrizo45@correo.com', N'+54 9 11 5411-4351', N'Inactivo'),
(78, N'Ramiro', N'Peralta', N'50314031', N'AA3842844', N'ramiro.peralta74@correo.com', N'+54 9 11 5285-6718', N'Inactivo'),
(79, N'Lorenzo', N'Vega', N'50798215', N'AA5052194', N'lorenzo.vega39@correo.com', N'+54 9 11 5016-3868', N'Activo'),
(80, N'Aylén', N'Ferreyra', N'31514108', N'AA3823775', N'aylen.ferreyra96@correo.com', N'+54 9 11 5655-6182', N'Inactivo'),
(81, N'Santiago', N'Moreno', N'38380167', N'AA3309211', N'santiago.moreno21@correo.com', N'+54 9 11 4972-9768', N'Activo'),
(82, N'Nicolás', N'Ponce', N'17088730', N'AA7773387', N'nicolas.ponce71@correo.com', N'+54 9 11 5977-7256', N'Inactivo'),
(83, N'Martina', N'Maidana', N'38806519', N'AA4666875', N'martina.maidana21@correo.com', N'+54 9 11 4840-7886', N'Inactivo'),
(84, N'Renata', N'Benítez', N'28499068', N'AA1273017', N'renata.benitez26@correo.com', N'+54 9 11 5274-3290', N'Activo'),
(85, N'Jazmín', N'Molina', N'30874189', N'AA2137462', N'jazmin.molina2@correo.com', N'+54 9 11 4265-8437', N'Inactivo'),
(86, N'Agustina', N'González', N'26939070', N'AA1559743', N'agustina.gonzalez59@correo.com', N'+54 9 11 4773-8236', N'Activo'),
(87, N'Bianca', N'Vera', N'35525078', N'AA4729901', N'bianca.vera84@correo.com', N'+54 9 11 5879-3166', N'Inactivo'),
(88, N'Thiago', N'Sánchez', N'29298089', N'AA4063667', N'thiago.sanchez11@correo.com', N'+54 9 11 5327-9199', N'Activo'),
(89, N'Carolina', N'Carrizo', N'46144111', N'AA2782208', N'carolina.carrizo47@correo.com', N'+54 9 11 5122-3963', N'Activo'),
(90, N'Catalina', N'Fernández', N'44218166', N'AA9209080', N'catalina.fernandez4@correo.com', N'+54 9 11 5370-6895', N'Inactivo'),
(91, N'Martina', N'Sosa', N'44403660', N'AA8680586', N'martina.sosa51@correo.com', N'+54 9 11 5083-1962', N'Activo'),
(92, N'Rocío', N'Arias', N'52004690', N'AA3832265', N'rocio.arias98@correo.com', N'+54 9 11 4255-7879', N'Activo'),
(93, N'Catalina', N'Romero', N'57476205', N'AA5606655', N'catalina.romero58@correo.com', N'+54 9 11 5941-9128', N'Activo'),
(94, N'Ignacio', N'Maidana', N'22730270', N'AA1303064', N'ignacio.maidana54@correo.com', N'+54 9 11 5035-9190', N'Inactivo'),
(95, N'Catalina', N'Ledesma', N'46402007', N'AA3737582', N'catalina.ledesma57@correo.com', N'+54 9 11 5556-1813', N'Inactivo'),
(96, N'Julieta', N'Romero', N'48888742', N'AA3160598', N'julieta.romero3@correo.com', N'+54 9 11 5098-4486', N'Activo'),
(97, N'Ignacio', N'Navarro', N'35969766', N'AA2762201', N'ignacio.navarro69@correo.com', N'+54 9 11 5425-5143', N'Inactivo'),
(98, N'Martina', N'Molina', N'33372334', N'AA4995292', N'martina.molina39@correo.com', N'+54 9 11 4954-4587', N'Inactivo'),
(99, N'Bruno', N'Ruiz', N'10423269', N'AA5372953', N'bruno.ruiz10@correo.com', N'+54 9 11 5431-1198', N'Activo'),
(100, N'Pilar', N'Cabrera', N'19978026', N'AA3408815', N'pilar.cabrera48@correo.com', N'+54 9 11 5637-5284', N'Inactivo'),
(101, N'Máximo', N'Álvarez', N'25193782', N'AA6264510', N'maximo.alvarez45@correo.com', N'+54 9 11 5322-4666', N'Activo'),
(102, N'Valentina', N'Flores', N'37907117', N'AA5073400', N'valentina.flores51@correo.com', N'+54 9 11 4148-5545', N'Inactivo'),
(103, N'Pilar', N'Navarro', N'13473540', N'AA5446150', N'pilar.navarro54@correo.com', N'+54 9 11 4778-3264', N'Inactivo'),
(104, N'Candelaria', N'Torres', N'16934044', N'AA8005178', N'candelaria.torres53@correo.com', N'+54 9 11 5789-6554', N'Activo'),
(105, N'Benjamín', N'Ortiz', N'10480660', N'AA5562402', N'benjamin.ortiz8@correo.com', N'+54 9 11 4359-3375', N'Activo'),
(106, N'Jazmín', N'García', N'53074338', N'AA3141228', N'jazmin.garcia57@correo.com', N'+54 9 11 4692-7170', N'Activo'),
(107, N'Bruno', N'Medina', N'18057058', N'AA4515931', N'bruno.medina3@correo.com', N'+54 9 11 4253-2862', N'Inactivo'),
(108, N'Ignacio', N'Cardozo', N'40538208', N'AA4859852', N'ignacio.cardozo3@correo.com', N'+54 9 11 5690-2028', N'Activo'),
(109, N'Máximo', N'Díaz', N'57727448', N'AA7619834', N'maximo.diaz72@correo.com', N'+54 9 11 5828-4796', N'Inactivo'),
(110, N'Candelaria', N'Ramos', N'34344837', N'AA1622116', N'candelaria.ramos47@correo.com', N'+54 9 11 4375-2764', N'Inactivo'),
(111, N'Bautista', N'Ponce', N'23545243', N'AA8815884', N'bautista.ponce67@correo.com', N'+54 9 11 5020-6826', N'Inactivo'),
(112, N'Renata', N'Rodríguez', N'15499752', N'AA2332218', N'renata.rodriguez99@correo.com', N'+54 9 11 5612-3561', N'Activo'),
(113, N'Bianca', N'Molina', N'22690458', N'AA3691306', N'bianca.molina44@correo.com', N'+54 9 11 5720-5645', N'Inactivo'),
(114, N'Lorenzo', N'Flores', N'34202428', N'AA7750878', N'lorenzo.flores91@correo.com', N'+54 9 11 5814-5175', N'Activo'),
(115, N'Melina', N'Campos', N'16170190', N'AA2089094', N'melina.campos2@correo.com', N'+54 9 11 5643-2820', N'Activo'),
(116, N'Lucas', N'Molina', N'48989345', N'AA4236849', N'lucas.molina37@correo.com', N'+54 9 11 5459-4189', N'Inactivo'),
(117, N'Thiago', N'López', N'38657805', N'AA3982785', N'thiago.lopez93@correo.com', N'+54 9 11 5801-8299', N'Activo'),
(118, N'Facundo', N'Arias', N'26064350', N'AA1309812', N'facundo.arias75@correo.com', N'+54 9 11 4154-6924', N'Activo'),
(119, N'Paula', N'Torres', N'11725628', N'AA7452396', N'paula.torres29@correo.com', N'+54 9 11 4146-8112', N'Activo'),
(120, N'Aylén', N'Ferreyra', N'38626734', N'AA2805500', N'aylen.ferreyra14@correo.com', N'+54 9 11 4434-9324', N'Activo'),
(121, N'Renata', N'Romero', N'16872907', N'AA2603289', N'renata.romero34@correo.com', N'+54 9 11 5919-1853', N'Inactivo'),
(122, N'Benjamín', N'González', N'56157760', N'AA3274826', N'benjamin.gonzalez23@correo.com', N'+54 9 11 4249-7532', N'Inactivo'),
(123, N'Carolina', N'Domínguez', N'41329003', N'AA8239295', N'carolina.dominguez48@correo.com', N'+54 9 11 5105-5749', N'Inactivo'),
(124, N'Emilio', N'Domínguez', N'34591717', N'AA2748384', N'emilio.dominguez87@correo.com', N'+54 9 11 5586-1559', N'Activo'),
(125, N'Zoe', N'Rojas', N'16484696', N'AA1567708', N'zoe.rojas38@correo.com', N'+54 9 11 4158-5299', N'Activo'),
(126, N'Olivia', N'Gómez', N'24065450', N'AA2009755', N'olivia.gomez46@correo.com', N'+54 9 11 5721-1440', N'Activo'),
(127, N'Martina', N'Rodríguez', N'14190949', N'AA8000486', N'martina.rodriguez34@correo.com', N'+54 9 11 4154-4774', N'Inactivo'),
(128, N'Lucía', N'Fernández', N'42494083', N'AA6431306', N'lucia.fernandez79@correo.com', N'+54 9 11 4308-2292', N'Activo'),
(129, N'Juan', N'Ramos', N'36335252', N'AA9270228', N'juan.ramos79@correo.com', N'+54 9 11 4479-2270', N'Inactivo'),
(130, N'Thiago', N'Figueroa', N'42200996', N'AA7852888', N'thiago.figueroa22@correo.com', N'+54 9 11 4931-6929', N'Activo'),
(131, N'Joaquín', N'Arias', N'29963082', N'AA7767903', N'joaquin.arias66@correo.com', N'+54 9 11 5278-7892', N'Inactivo'),
(132, N'Sol', N'Flores', N'34701450', N'AA9390371', N'sol.flores4@correo.com', N'+54 9 11 5843-4867', N'Activo'),
(133, N'Aylén', N'Castro', N'58914461', N'AA6862937', N'aylen.castro76@correo.com', N'+54 9 11 5717-6294', N'Inactivo'),
(134, N'Brisa', N'Cardozo', N'19618046', N'AA3733604', N'brisa.cardozo81@correo.com', N'+54 9 11 4193-2337', N'Inactivo'),
(135, N'Mateo', N'Álvarez', N'37614552', N'AA2774817', N'mateo.alvarez96@correo.com', N'+54 9 11 4041-7300', N'Activo'),
(136, N'Delfina', N'Montenegro', N'42636860', N'AA4797016', N'delfina.montenegro60@correo.com', N'+54 9 11 4499-7670', N'Activo'),
(137, N'Tomás', N'Moreno', N'10291751', N'AA3688248', N'tomas.moreno11@correo.com', N'+54 9 11 4683-4751', N'Inactivo'),
(138, N'Axel', N'Figueroa', N'49540251', N'AA5654465', N'axel.figueroa68@correo.com', N'+54 9 11 4451-8779', N'Inactivo'),
(139, N'Camila', N'Navarro', N'47300010', N'AA3796140', N'camila.navarro69@correo.com', N'+54 9 11 4343-7620', N'Inactivo'),
(140, N'Olivia', N'Domínguez', N'47230478', N'AA2906235', N'olivia.dominguez27@correo.com', N'+54 9 11 5164-8004', N'Inactivo'),
(141, N'Olivia', N'Castro', N'51153875', N'AA5421459', N'olivia.castro78@correo.com', N'+54 9 11 5996-7095', N'Inactivo'),
(142, N'Juan', N'Rodríguez', N'57982478', N'AA4180879', N'juan.rodriguez98@correo.com', N'+54 9 11 5603-5787', N'Activo'),
(143, N'Zoe', N'Campos', N'24044600', N'AA8362257', N'zoe.campos52@correo.com', N'+54 9 11 5738-7604', N'Activo'),
(144, N'Bruno', N'Ferreyra', N'54032736', N'AA7337320', N'bruno.ferreyra12@correo.com', N'+54 9 11 5743-7966', N'Activo'),
(145, N'Ludmila', N'Fernández', N'47522286', N'AA6595742', N'ludmila.fernandez11@correo.com', N'+54 9 11 5356-2447', N'Inactivo'),
(146, N'Bautista', N'Peralta', N'11047609', N'AA5363243', N'bautista.peralta35@correo.com', N'+54 9 11 5617-9881', N'Activo'),
(147, N'Axel', N'Ferreyra', N'12969413', N'AA2695860', N'axel.ferreyra71@correo.com', N'+54 9 11 4549-3039', N'Activo'),
(148, N'Franco', N'Fernández', N'49809685', N'AA3461461', N'franco.fernandez4@correo.com', N'+54 9 11 4893-8586', N'Activo'),
(149, N'Nicolás', N'Rodríguez', N'59818944', N'AA3817868', N'nicolas.rodriguez94@correo.com', N'+54 9 11 5406-7152', N'Activo'),
(150, N'Axel', N'Gómez', N'48493540', N'AA6036986', N'axel.gomez93@correo.com', N'+54 9 11 4036-1302', N'Activo');
SET IDENTITY_INSERT Cliente OFF;

SET IDENTITY_INSERT Servicio ON;
INSERT INTO Servicio (IDServicio, Tipo, CupoDiario, Precio) VALUES
(1, N'Spa', 3, 40000),
(2, N'Transporte', 3, 20000),
(3, N'Cena', 3, 50000);
SET IDENTITY_INSERT Servicio OFF;

SET IDENTITY_INSERT Habitacion ON;
INSERT INTO Habitacion (IDHabitacion, IDTipo, Piso, Estado, Vista) VALUES
(1, 3, 10, N'Fuera de Servicio', N'Interior'),
(2, 1, 9, N'Activo', N'Mar'),
(3, 1, 2, N'Activo', N'Jardn'),
(4, 1, 10, N'Activo', N'Mar'),
(5, 3, 11, N'Activo', N'Interior'),
(6, 2, 6, N'Fuera de Servicio', N'Interior'),
(7, 1, 6, N'Activo', N'Mar'),
(8, 2, 7, N'Activo', N'Jardn'),
(9, 3, 10, N'Activo', N'Jardn'),
(10, 3, 11, N'Activo', N'Jardn'),
(11, 3, 4, N'Activo', N'Mar'),
(12, 2, 6, N'Fuera de Servicio', N'Interior'),
(13, 3, 7, N'Activo', N'Interior'),
(14, 1, 6, N'Activo', N'Interior'),
(15, 3, 5, N'Activo', N'Interior'),
(16, 3, 4, N'Activo', N'Jardn'),
(17, 1, 7, N'Fuera de Servicio', N'Mar'),
(18, 3, 3, N'Activo', N'Jardn'),
(19, 2, 5, N'Fuera de Servicio', N'Interior'),
(20, 3, 3, N'Activo', N'Jardn'),
(21, 3, 8, N'Activo', N'Mar'),
(22, 2, 9, N'Activo', N'Mar'),
(23, 2, 1, N'Activo', N'Interior'),
(24, 2, 9, N'Activo', N'Interior'),
(25, 3, 8, N'Activo', N'Mar'),
(26, 3, 3, N'Activo', N'Jardn'),
(27, 2, 9, N'Activo', N'Jardn'),
(28, 2, 2, N'Activo', N'Jardn'),
(29, 2, 7, N'Fuera de Servicio', N'Jardn'),
(30, 2, 9, N'Activo', N'Interior'),
(31, 3, 2, N'Activo', N'Interior'),
(32, 3, 10, N'Activo', N'Jardn'),
(33, 1, 8, N'Activo', N'Interior'),
(34, 2, 12, N'Activo', N'Interior'),
(35, 2, 9, N'Activo', N'Jardn'),
(36, 2, 5, N'Activo', N'Interior'),
(37, 2, 11, N'Fuera de Servicio', N'Jardn'),
(38, 2, 5, N'Activo', N'Interior'),
(39, 1, 6, N'Activo', N'Jardn'),
(40, 1, 9, N'Activo', N'Interior'),
(41, 2, 5, N'Activo', N'Jardn'),
(42, 2, 4, N'Activo', N'Jardn'),
(43, 1, 4, N'Activo', N'Interior'),
(44, 2, 10, N'Activo', N'Interior'),
(45, 2, 10, N'Activo', N'Mar'),
(46, 3, 8, N'Activo', N'Interior'),
(47, 2, 1, N'Activo', N'Jardn'),
(48, 3, 8, N'Activo', N'Jardn'),
(49, 2, 6, N'Activo', N'Jardn'),
(50, 2, 6, N'Activo', N'Jardn'),
(51, 3, 3, N'Activo', N'Mar'),
(52, 3, 1, N'Activo', N'Mar'),
(53, 2, 4, N'Activo', N'Jardn'),
(54, 2, 10, N'Activo', N'Jardn'),
(55, 3, 9, N'Activo', N'Mar'),
(56, 1, 10, N'Activo', N'Mar'),
(57, 3, 5, N'Fuera de Servicio', N'Interior'),
(58, 2, 10, N'Activo', N'Mar'),
(59, 2, 11, N'Activo', N'Interior'),
(60, 1, 3, N'Activo', N'Jardn');
SET IDENTITY_INSERT Habitacion OFF;

SET IDENTITY_INSERT Reserva ON;
INSERT INTO Reserva (IDReserva, IDCliente, FechaReserva) VALUES
(1, 58, '2025-01-23'),
(2, 8, '2025-03-06'),
(3, 22, '2025-06-22'),
(4, 13, '2025-11-03'),
(5, 150, '2025-11-05'),
(6, 47, '2025-10-20'),
(7, 75, '2025-02-01'),
(8, 67, '2025-09-04'),
(9, 1, '2025-10-02'),
(10, 116, '2025-11-09'),
(11, 113, '2025-06-04'),
(12, 69, '2025-02-24'),
(13, 91, '2025-10-05'),
(14, 77, '2025-07-25'),
(15, 101, '2025-04-22'),
(16, 149, '2025-02-21'),
(17, 13, '2025-11-14'),
(18, 81, '2025-03-11'),
(19, 146, '2025-11-23'),
(20, 106, '2025-02-06'),
(21, 65, '2025-02-01'),
(22, 139, '2025-10-01'),
(23, 43, '2025-05-04'),
(24, 113, '2025-04-21'),
(25, 70, '2025-05-07'),
(26, 143, '2025-05-12'),
(27, 122, '2025-06-17'),
(28, 145, '2025-06-11'),
(29, 66, '2025-04-21'),
(30, 8, '2025-05-19'),
(31, 77, '2025-07-31'),
(32, 33, '2025-07-07'),
(33, 14, '2025-02-03'),
(34, 36, '2025-01-07'),
(35, 103, '2025-04-17'),
(36, 42, '2025-08-25'),
(37, 31, '2025-06-06'),
(38, 49, '2025-10-09'),
(39, 75, '2025-06-24'),
(40, 95, '2025-09-24'),
(41, 4, '2024-12-30'),
(42, 27, '2025-04-07'),
(43, 97, '2025-06-20'),
(44, 143, '2025-11-17'),
(45, 147, '2025-07-18'),
(46, 149, '2025-08-14'),
(47, 53, '2025-04-05'),
(48, 36, '2025-09-26'),
(49, 90, '2025-09-10'),
(50, 121, '2025-10-29'),
(51, 92, '2025-05-10'),
(52, 56, '2025-08-02'),
(53, 133, '2025-06-27'),
(54, 129, '2025-04-08'),
(55, 2, '2025-06-14'),
(56, 33, '2025-05-13'),
(57, 14, '2025-01-03'),
(58, 129, '2025-03-24'),
(59, 36, '2025-01-31'),
(60, 6, '2025-03-13'),
(61, 70, '2025-10-31'),
(62, 45, '2025-09-02'),
(63, 26, '2025-07-22'),
(64, 5, '2025-02-11'),
(65, 1, '2025-08-28'),
(66, 24, '2025-05-14'),
(67, 111, '2025-09-08'),
(68, 123, '2025-03-18'),
(69, 145, '2025-09-05'),
(70, 9, '2025-01-16'),
(71, 53, '2025-03-10'),
(72, 101, '2025-10-05'),
(73, 87, '2025-09-20'),
(74, 44, '2025-08-07'),
(75, 5, '2025-08-01'),
(76, 130, '2025-10-10'),
(77, 88, '2025-09-16'),
(78, 114, '2025-01-24'),
(79, 118, '2025-06-18'),
(80, 118, '2025-11-26'),
(81, 45, '2025-08-03'),
(82, 42, '2025-02-16'),
(83, 121, '2025-10-12'),
(84, 128, '2025-08-21'),
(85, 46, '2025-05-20'),
(86, 126, '2025-05-02'),
(87, 121, '2025-03-26'),
(88, 22, '2025-07-01'),
(89, 25, '2025-10-23'),
(90, 145, '2025-02-06'),
(91, 12, '2025-12-01'),
(92, 80, '2025-08-20'),
(93, 99, '2025-07-31'),
(94, 21, '2025-10-04'),
(95, 28, '2025-03-04'),
(96, 140, '2025-02-16'),
(97, 26, '2025-10-03'),
(98, 144, '2025-04-22'),
(99, 49, '2025-09-16'),
(100, 137, '2025-06-01'),
(101, 42, '2025-10-24'),
(102, 119, '2025-09-06'),
(103, 108, '2025-03-30'),
(104, 104, '2025-07-18'),
(105, 106, '2025-01-31'),
(106, 81, '2025-01-06'),
(107, 27, '2025-09-15'),
(108, 137, '2025-03-26'),
(109, 47, '2025-04-29'),
(110, 81, '2025-04-05'),
(111, 86, '2025-03-26'),
(112, 46, '2025-03-14'),
(113, 51, '2025-09-24'),
(114, 58, '2025-04-09'),
(115, 117, '2025-09-02'),
(116, 123, '2025-07-02'),
(117, 134, '2025-09-09'),
(118, 129, '2025-06-27'),
(119, 28, '2025-06-07'),
(120, 81, '2025-06-18');
SET IDENTITY_INSERT Reserva OFF;

SET IDENTITY_INSERT DetalleReserva ON;
INSERT INTO DetalleReserva (IDDetalleReserva, IDReserva, IDHabitacion, CheckIn, CheckOut) VALUES
(1, 1, 9, '2025-01-29', '2025-02-01'),
(2, 2, 22, '2025-03-09', '2025-03-11'),
(3, 3, 45, '2025-06-29', '2025-07-01'),
(4, 4, 44, '2025-11-09', '2025-11-13'),
(5, 5, 14, '2025-11-07', '2025-11-08'),
(6, 6, 31, '2025-10-27', '2025-10-31'),
(7, 7, 16, '2025-02-09', '2025-02-10'),
(8, 8, 59, '2025-09-17', '2025-09-21'),
(9, 9, 20, '2025-10-17', '2025-10-22'),
(10, 10, 7, '2025-11-12', '2025-11-16'),
(11, 11, 15, '2025-06-18', '2025-06-23'),
(12, 12, 4, '2025-03-09', '2025-03-12'),
(13, 13, 14, '2025-10-20', '2025-10-24'),
(14, 14, 16, '2025-08-03', '2025-08-04'),
(15, 15, 8, '2025-05-03', '2025-05-07'),
(16, 16, 10, '2025-03-03', '2025-03-06'),
(17, 17, 34, '2025-11-21', '2025-11-25'),
(18, 18, 34, '2025-03-15', '2025-03-17'),
(19, 19, 48, '2025-12-06', '2025-12-09'),
(20, 20, 13, '2025-02-14', '2025-02-18'),
(21, 21, 50, '2025-02-12', '2025-02-13'),
(22, 22, 3, '2025-10-07', '2025-10-09'),
(23, 23, 4, '2025-05-12', '2025-05-16'),
(24, 24, 52, '2025-05-03', '2025-05-08'),
(25, 25, 9, '2025-05-14', '2025-05-17'),
(26, 26, 48, '2025-05-19', '2025-05-23'),
(27, 27, 38, '2025-06-22', '2025-06-25'),
(28, 28, 47, '2025-06-19', '2025-06-24'),
(29, 29, 22, '2025-05-06', '2025-05-10'),
(30, 30, 55, '2025-05-30', '2025-05-31'),
(31, 31, 47, '2025-08-09', '2025-08-13'),
(32, 32, 39, '2025-07-13', '2025-07-15'),
(33, 33, 44, '2025-02-11', '2025-02-15'),
(34, 34, 8, '2025-01-11', '2025-01-16'),
(35, 35, 50, '2025-04-24', '2025-04-28'),
(36, 36, 25, '2025-09-09', '2025-09-11'),
(37, 37, 14, '2025-06-15', '2025-06-19'),
(38, 38, 14, '2025-10-23', '2025-10-25'),
(39, 39, 59, '2025-06-26', '2025-06-29'),
(40, 40, 10, '2025-09-25', '2025-09-26'),
(41, 41, 26, '2025-01-13', '2025-01-16'),
(42, 42, 30, '2025-04-09', '2025-04-13'),
(43, 43, 10, '2025-06-29', '2025-07-02'),
(44, 44, 4, '2025-11-28', '2025-12-02'),
(45, 45, 8, '2025-07-25', '2025-07-27'),
(46, 46, 24, '2025-08-28', '2025-09-01'),
(47, 47, 54, '2025-04-14', '2025-04-15'),
(48, 48, 46, '2025-09-29', '2025-10-02'),
(49, 49, 22, '2025-09-11', '2025-09-13'),
(50, 50, 46, '2025-11-06', '2025-11-09'),
(51, 51, 23, '2025-05-23', '2025-05-25'),
(52, 52, 15, '2025-08-11', '2025-08-13'),
(53, 53, 5, '2025-06-28', '2025-07-03'),
(54, 54, 41, '2025-04-12', '2025-04-13'),
(55, 55, 14, '2025-06-25', '2025-06-30'),
(56, 56, 35, '2025-05-18', '2025-05-20'),
(57, 57, 20, '2025-01-14', '2025-01-17'),
(58, 58, 45, '2025-04-03', '2025-04-06'),
(59, 59, 10, '2025-02-04', '2025-02-06'),
(60, 60, 60, '2025-03-20', '2025-03-21'),
(61, 61, 20, '2025-11-14', '2025-11-17'),
(62, 62, 5, '2025-09-11', '2025-09-16'),
(63, 63, 54, '2025-08-06', '2025-08-09'),
(64, 64, 16, '2025-02-24', '2025-02-25'),
(65, 65, 46, '2025-09-11', '2025-09-12'),
(66, 66, 32, '2025-05-19', '2025-05-23'),
(67, 67, 26, '2025-09-11', '2025-09-14'),
(68, 68, 26, '2025-03-30', '2025-04-03'),
(69, 69, 49, '2025-09-07', '2025-09-11'),
(70, 70, 27, '2025-01-22', '2025-01-26'),
(71, 71, 27, '2025-03-12', '2025-03-13'),
(72, 72, 35, '2025-10-09', '2025-10-13'),
(73, 73, 22, '2025-09-21', '2025-09-26'),
(74, 74, 2, '2025-08-14', '2025-08-16'),
(75, 75, 4, '2025-08-15', '2025-08-16'),
(76, 76, 7, '2025-10-11', '2025-10-16'),
(77, 77, 49, '2025-09-17', '2025-09-18'),
(78, 78, 16, '2025-02-04', '2025-02-05'),
(79, 79, 32, '2025-06-24', '2025-06-29'),
(80, 80, 21, '2025-11-28', '2025-12-03'),
(81, 81, 18, '2025-08-14', '2025-08-18'),
(82, 82, 41, '2025-02-21', '2025-02-22'),
(83, 83, 54, '2025-10-25', '2025-10-27'),
(84, 84, 43, '2025-08-29', '2025-08-31'),
(85, 85, 51, '2025-05-27', '2025-05-29'),
(86, 86, 43, '2025-05-11', '2025-05-15'),
(87, 87, 52, '2025-04-05', '2025-04-10'),
(88, 88, 38, '2025-07-16', '2025-07-21'),
(89, 89, 58, '2025-10-27', '2025-10-29'),
(90, 90, 18, '2025-02-13', '2025-02-16'),
(91, 91, 59, '2025-12-05', '2025-12-06'),
(92, 92, 14, '2025-09-01', '2025-09-02'),
(93, 93, 46, '2025-08-12', '2025-08-14'),
(94, 94, 15, '2025-10-13', '2025-10-14'),
(95, 95, 22, '2025-03-13', '2025-03-15'),
(96, 96, 13, '2025-02-28', '2025-03-04'),
(97, 97, 30, '2025-10-12', '2025-10-17'),
(98, 98, 52, '2025-05-06', '2025-05-08'),
(99, 99, 2, '2025-09-23', '2025-09-25'),
(100, 100, 23, '2025-06-02', '2025-06-06'),
(101, 101, 60, '2025-11-01', '2025-11-05'),
(102, 102, 3, '2025-09-12', '2025-09-16'),
(103, 103, 50, '2025-04-01', '2025-04-04'),
(104, 104, 48, '2025-07-30', '2025-08-02'),
(105, 105, 34, '2025-02-08', '2025-02-12'),
(106, 106, 24, '2025-01-11', '2025-01-12'),
(107, 107, 3, '2025-09-22', '2025-09-27'),
(108, 108, 18, '2025-03-28', '2025-04-02'),
(109, 109, 35, '2025-05-07', '2025-05-11'),
(110, 110, 51, '2025-04-12', '2025-04-14'),
(111, 111, 44, '2025-04-07', '2025-04-08'),
(112, 112, 54, '2025-03-20', '2025-03-24'),
(113, 113, 22, '2025-10-08', '2025-10-11'),
(114, 114, 55, '2025-04-19', '2025-04-23'),
(115, 115, 38, '2025-09-11', '2025-09-13'),
(116, 116, 2, '2025-07-03', '2025-07-08'),
(117, 117, 16, '2025-09-14', '2025-09-17'),
(118, 118, 33, '2025-07-01', '2025-07-05'),
(119, 119, 40, '2025-06-22', '2025-06-27'),
(120, 120, 32, '2025-06-29', '2025-07-03');
SET IDENTITY_INSERT DetalleReserva OFF;

SET IDENTITY_INSERT ConsumoServicio ON;
INSERT INTO ConsumoServicio (IDConsumoServicio, IDServicio, IDHabitacion, Cantidad) VALUES
(1, 2, 9, 2),
(2, 1, 9, 1),
(3, 2, 22, 1),
(4, 2, 45, 1),
(5, 1, 44, 2),
(6, 2, 14, 3),
(7, 3, 31, 2),
(8, 1, 31, 1),
(9, 2, 31, 3),
(10, 2, 31, 2),
(11, 2, 16, 2),
(12, 2, 59, 2),
(13, 2, 59, 1),
(14, 1, 20, 3),
(15, 1, 20, 1),
(16, 3, 20, 1),
(17, 2, 7, 2),
(18, 3, 7, 1),
(19, 1, 7, 1),
(20, 1, 7, 2),
(21, 2, 15, 3),
(22, 2, 15, 3),
(23, 2, 15, 3),
(24, 2, 4, 2),
(25, 3, 4, 2),
(26, 2, 4, 1),
(27, 2, 4, 2),
(28, 3, 14, 2),
(29, 2, 14, 3),
(30, 3, 14, 3),
(31, 2, 16, 2),
(32, 3, 16, 1),
(33, 3, 16, 3),
(34, 3, 8, 3),
(35, 2, 10, 2),
(36, 1, 10, 3),
(37, 3, 10, 3),
(38, 3, 34, 2),
(39, 1, 34, 1),
(40, 1, 34, 2),
(41, 2, 34, 3),
(42, 3, 48, 1),
(43, 1, 48, 3),
(44, 3, 48, 1),
(45, 2, 13, 1),
(46, 1, 13, 1),
(47, 3, 13, 3),
(48, 2, 50, 3),
(49, 3, 50, 3),
(50, 1, 50, 3),
(51, 2, 50, 3),
(52, 3, 3, 3),
(53, 2, 4, 3),
(54, 1, 4, 2),
(55, 1, 4, 2),
(56, 2, 52, 2),
(57, 1, 52, 1),
(58, 2, 52, 3),
(59, 2, 52, 1),
(60, 3, 9, 3),
(61, 1, 48, 2),
(62, 3, 48, 3),
(63, 3, 48, 1),
(64, 3, 48, 1),
(65, 2, 38, 1),
(66, 3, 38, 3),
(67, 3, 38, 3),
(68, 2, 47, 1),
(69, 3, 47, 3),
(70, 1, 22, 3),
(71, 3, 22, 3),
(72, 2, 22, 3),
(73, 2, 55, 2),
(74, 2, 55, 2),
(75, 3, 47, 2),
(76, 1, 47, 2),
(77, 1, 39, 2),
(78, 2, 39, 1),
(79, 3, 39, 3),
(80, 1, 39, 2),
(81, 1, 44, 2),
(82, 3, 44, 3),
(83, 2, 44, 1),
(84, 3, 44, 2),
(85, 3, 8, 1),
(86, 1, 8, 2),
(87, 3, 8, 1),
(88, 2, 50, 3),
(89, 3, 25, 3),
(90, 1, 25, 3),
(91, 3, 25, 1),
(92, 1, 25, 2),
(93, 3, 14, 1),
(94, 1, 14, 2),
(95, 3, 14, 2),
(96, 2, 14, 1),
(97, 1, 14, 1),
(98, 1, 59, 3),
(99, 3, 59, 2),
(100, 2, 59, 1),
(101, 2, 59, 3),
(102, 3, 10, 1),
(103, 3, 10, 2),
(104, 1, 10, 2),
(105, 2, 26, 3),
(106, 1, 26, 2),
(107, 3, 26, 2),
(108, 1, 30, 2),
(109, 2, 30, 1),
(110, 2, 10, 2),
(111, 2, 10, 2),
(112, 3, 4, 1),
(113, 3, 4, 3),
(114, 3, 4, 2),
(115, 3, 8, 3),
(116, 3, 8, 2),
(117, 1, 8, 1),
(118, 2, 24, 3),
(119, 1, 54, 3),
(120, 1, 46, 1),
(121, 3, 22, 1),
(122, 3, 22, 2),
(123, 3, 22, 3),
(124, 1, 46, 2),
(125, 2, 46, 2),
(126, 2, 46, 3),
(127, 3, 23, 3),
(128, 1, 23, 2),
(129, 1, 23, 2),
(130, 2, 15, 1),
(131, 2, 15, 1),
(132, 3, 5, 1),
(133, 2, 5, 3),
(134, 3, 5, 3),
(135, 3, 5, 2),
(136, 3, 41, 1),
(137, 1, 41, 1),
(138, 1, 41, 3),
(139, 3, 14, 1),
(140, 2, 14, 3),
(141, 1, 14, 1),
(142, 3, 14, 2),
(143, 1, 35, 1),
(144, 2, 20, 3),
(145, 3, 20, 2),
(146, 3, 20, 2),
(147, 2, 45, 1),
(148, 3, 45, 3),
(149, 3, 10, 1),
(150, 3, 10, 2),
(151, 2, 10, 2),
(152, 1, 60, 3),
(153, 2, 60, 1),
(154, 3, 60, 1),
(155, 1, 20, 3),
(156, 3, 20, 1),
(157, 1, 5, 3),
(158, 2, 5, 2),
(159, 2, 5, 2),
(160, 1, 5, 2),
(161, 3, 54, 3),
(162, 2, 54, 1),
(163, 1, 16, 2),
(164, 2, 16, 3),
(165, 2, 16, 3),
(166, 3, 46, 3),
(167, 1, 46, 3),
(168, 3, 46, 1),
(169, 2, 46, 1),
(170, 3, 32, 3),
(171, 3, 26, 3),
(172, 1, 26, 1),
(173, 3, 26, 3),
(174, 2, 26, 1),
(175, 3, 26, 3),
(176, 1, 26, 3),
(177, 3, 26, 2),
(178, 3, 49, 1),
(179, 2, 49, 3),
(180, 3, 49, 3),
(181, 2, 27, 1),
(182, 2, 27, 1),
(183, 3, 27, 1),
(184, 3, 35, 3),
(185, 2, 35, 3),
(186, 1, 35, 3),
(187, 1, 22, 2),
(188, 2, 22, 3),
(189, 2, 22, 1),
(190, 1, 22, 2),
(191, 2, 2, 2),
(192, 3, 2, 1),
(193, 1, 4, 1),
(194, 2, 4, 1),
(195, 2, 7, 2),
(196, 2, 49, 2),
(197, 1, 49, 3),
(198, 1, 49, 1),
(199, 1, 16, 2),
(200, 1, 16, 3),
(201, 3, 16, 3),
(202, 2, 16, 1),
(203, 1, 32, 1),
(204, 1, 32, 1),
(205, 3, 32, 1),
(206, 2, 32, 2),
(207, 2, 21, 3),
(208, 2, 21, 3),
(209, 2, 21, 3),
(210, 3, 21, 1),
(211, 2, 18, 3),
(212, 2, 41, 2),
(213, 1, 41, 3),
(214, 1, 41, 1),
(215, 2, 54, 2),
(216, 1, 54, 3),
(217, 3, 54, 1),
(218, 2, 43, 2),
(219, 1, 43, 1),
(220, 3, 43, 3),
(221, 2, 51, 2),
(222, 1, 51, 2),
(223, 3, 43, 1),
(224, 1, 43, 3),
(225, 3, 52, 2),
(226, 2, 52, 1),
(227, 3, 52, 2),
(228, 2, 52, 3),
(229, 2, 38, 2),
(230, 1, 38, 1),
(231, 1, 38, 2),
(232, 2, 58, 3),
(233, 2, 58, 2),
(234, 3, 58, 3),
(235, 2, 58, 2),
(236, 2, 18, 3),
(237, 2, 18, 3),
(238, 1, 18, 1),
(239, 3, 18, 2),
(240, 2, 59, 2),
(241, 2, 59, 2),
(242, 1, 59, 3),
(243, 3, 14, 2),
(244, 1, 14, 2),
(245, 3, 14, 1),
(246, 3, 46, 1),
(247, 1, 15, 2),
(248, 2, 15, 2),
(249, 2, 15, 3),
(250, 1, 15, 2),
(251, 3, 22, 3),
(252, 1, 13, 1),
(253, 3, 13, 2),
(254, 1, 30, 3),
(255, 2, 30, 1),
(256, 2, 30, 1),
(257, 1, 52, 3),
(258, 2, 2, 2),
(259, 2, 23, 1),
(260, 1, 23, 1),
(261, 1, 60, 1),
(262, 3, 60, 1),
(263, 1, 60, 1),
(264, 2, 60, 1),
(265, 3, 3, 1),
(266, 3, 3, 2),
(267, 2, 50, 1),
(268, 3, 48, 3),
(269, 2, 48, 2),
(270, 3, 34, 2),
(271, 1, 24, 3),
(272, 3, 24, 3),
(273, 2, 3, 2),
(274, 3, 3, 3),
(275, 3, 3, 1),
(276, 3, 3, 1),
(277, 1, 18, 3),
(278, 2, 18, 3),
(279, 3, 18, 2),
(280, 3, 18, 3),
(281, 2, 35, 2),
(282, 2, 51, 3),
(283, 1, 51, 2),
(284, 2, 51, 2),
(285, 1, 44, 2),
(286, 1, 44, 2),
(287, 3, 54, 2),
(288, 1, 54, 2),
(289, 2, 54, 1),
(290, 3, 54, 3),
(291, 3, 22, 2),
(292, 1, 22, 1),
(293, 1, 55, 3),
(294, 3, 55, 2),
(295, 3, 38, 1),
(296, 2, 2, 1),
(297, 1, 2, 1),
(298, 2, 2, 3),
(299, 1, 16, 3),
(300, 3, 16, 2),
(301, 2, 16, 1),
(302, 2, 16, 3),
(303, 2, 33, 2),
(304, 2, 33, 3),
(305, 3, 40, 2),
(306, 2, 40, 1),
(307, 1, 32, 1),
(308, 3, 32, 3),
(309, 1, 32, 3),
(310, 1, 32, 2);
SET IDENTITY_INSERT ConsumoServicio OFF;

SET IDENTITY_INSERT TarifaHabitacion ON;
INSERT INTO TarifaHabitacion (IDTarifaHabitacion, IDHabitacion, Subtotal) VALUES
(1, 9, 360000.0),
(2, 22, 140000.0),
(3, 45, 140000.0),
(4, 44, 280000.0),
(5, 14, 40000.0),
(6, 31, 480000.0),
(7, 16, 120000.0),
(8, 59, 280000.0),
(9, 20, 600000.0),
(10, 7, 160000.0),
(11, 15, 600000.0),
(12, 4, 120000.0),
(13, 14, 160000.0),
(14, 16, 120000.0),
(15, 8, 280000.0),
(16, 10, 360000.0),
(17, 34, 280000.0),
(18, 34, 140000.0),
(19, 48, 360000.0),
(20, 13, 480000.0),
(21, 50, 70000.0),
(22, 3, 80000.0),
(23, 4, 160000.0),
(24, 52, 600000.0),
(25, 9, 360000.0),
(26, 48, 480000.0),
(27, 38, 210000.0),
(28, 47, 350000.0),
(29, 22, 280000.0),
(30, 55, 120000.0),
(31, 47, 280000.0),
(32, 39, 80000.0),
(33, 44, 280000.0),
(34, 8, 350000.0),
(35, 50, 280000.0),
(36, 25, 240000.0),
(37, 14, 160000.0),
(38, 14, 80000.0),
(39, 59, 210000.0),
(40, 10, 120000.0),
(41, 26, 360000.0),
(42, 30, 280000.0),
(43, 10, 360000.0),
(44, 4, 160000.0),
(45, 8, 140000.0),
(46, 24, 280000.0),
(47, 54, 70000.0),
(48, 46, 360000.0),
(49, 22, 140000.0),
(50, 46, 360000.0),
(51, 23, 140000.0),
(52, 15, 240000.0),
(53, 5, 600000.0),
(54, 41, 70000.0),
(55, 14, 200000.0),
(56, 35, 140000.0),
(57, 20, 360000.0),
(58, 45, 210000.0),
(59, 10, 240000.0),
(60, 60, 40000.0),
(61, 20, 360000.0),
(62, 5, 600000.0),
(63, 54, 210000.0),
(64, 16, 120000.0),
(65, 46, 120000.0),
(66, 32, 480000.0),
(67, 26, 360000.0),
(68, 26, 480000.0),
(69, 49, 280000.0),
(70, 27, 280000.0),
(71, 27, 70000.0),
(72, 35, 280000.0),
(73, 22, 350000.0),
(74, 2, 80000.0),
(75, 4, 40000.0),
(76, 7, 200000.0),
(77, 49, 70000.0),
(78, 16, 120000.0),
(79, 32, 600000.0),
(80, 21, 600000.0),
(81, 18, 480000.0),
(82, 41, 70000.0),
(83, 54, 140000.0),
(84, 43, 80000.0),
(85, 51, 240000.0),
(86, 43, 160000.0),
(87, 52, 600000.0),
(88, 38, 350000.0),
(89, 58, 140000.0),
(90, 18, 360000.0),
(91, 59, 70000.0),
(92, 14, 40000.0),
(93, 46, 240000.0),
(94, 15, 120000.0),
(95, 22, 140000.0),
(96, 13, 480000.0),
(97, 30, 350000.0),
(98, 52, 240000.0),
(99, 2, 80000.0),
(100, 23, 280000.0),
(101, 60, 160000.0),
(102, 3, 160000.0),
(103, 50, 210000.0),
(104, 48, 360000.0),
(105, 34, 280000.0),
(106, 24, 70000.0),
(107, 3, 200000.0),
(108, 18, 600000.0),
(109, 35, 280000.0),
(110, 51, 240000.0),
(111, 44, 70000.0),
(112, 54, 280000.0),
(113, 22, 210000.0),
(114, 55, 480000.0),
(115, 38, 140000.0),
(116, 2, 200000.0),
(117, 16, 360000.0),
(118, 33, 160000.0),
(119, 40, 200000.0),
(120, 32, 480000.0);
SET IDENTITY_INSERT TarifaHabitacion OFF;

SET IDENTITY_INSERT TarifaServicio ON;
INSERT INTO TarifaServicio (IDTarifaServicio, IDHabitacion, Subtotal) VALUES
(1, 9, 80000.0),
(2, 22, 20000.0),
(3, 45, 20000.0),
(4, 44, 80000.0),
(5, 14, 60000.0),
(6, 31, 240000.0),
(7, 16, 40000.0),
(8, 59, 60000.0),
(9, 20, 210000.0),
(10, 7, 210000.0),
(11, 15, 180000.0),
(12, 4, 200000.0),
(13, 14, 310000.0),
(14, 16, 240000.0),
(15, 8, 150000.0),
(16, 10, 310000.0),
(17, 34, 140000.0),
(18, 34, 140000.0),
(19, 48, 220000.0),
(20, 13, 210000.0),
(21, 50, 390000.0),
(22, 3, 150000.0),
(23, 4, 220000.0),
(24, 52, 160000.0),
(25, 9, 150000.0),
(26, 48, 330000.0),
(27, 38, 320000.0),
(28, 47, 170000.0),
(29, 22, 330000.0),
(30, 55, 80000.0),
(31, 47, 180000.0),
(32, 39, 330000.0),
(33, 44, 350000.0),
(34, 8, 180000.0),
(35, 50, 60000.0),
(36, 25, 400000.0),
(37, 14, 250000.0),
(38, 14, 40000.0),
(39, 59, 300000.0),
(40, 10, 230000.0),
(41, 26, 240000.0),
(42, 30, 100000.0),
(43, 10, 80000.0),
(44, 4, 300000.0),
(45, 8, 290000.0),
(46, 24, 60000.0),
(47, 54, 120000.0),
(48, 46, 40000.0),
(49, 22, 300000.0),
(50, 46, 180000.0),
(51, 23, 310000.0),
(52, 15, 40000.0),
(53, 5, 360000.0),
(54, 41, 210000.0),
(55, 14, 250000.0),
(56, 35, 40000.0),
(57, 20, 260000.0),
(58, 45, 170000.0),
(59, 10, 190000.0),
(60, 60, 190000.0),
(61, 20, 170000.0),
(62, 5, 280000.0),
(63, 54, 170000.0),
(64, 16, 200000.0),
(65, 46, 340000.0),
(66, 32, 150000.0),
(67, 26, 360000.0),
(68, 26, 370000.0),
(69, 49, 260000.0),
(70, 27, 40000.0),
(71, 27, 50000.0),
(72, 35, 330000.0),
(73, 22, 240000.0),
(74, 2, 90000.0),
(75, 4, 60000.0),
(76, 7, 40000.0),
(77, 49, 200000.0),
(78, 16, 370000.0),
(79, 32, 170000.0),
(80, 21, 230000.0),
(81, 18, 60000.0),
(82, 41, 200000.0),
(83, 54, 210000.0),
(84, 43, 230000.0),
(85, 51, 120000.0),
(86, 43, 170000.0),
(87, 52, 280000.0),
(88, 38, 160000.0),
(89, 58, 290000.0),
(90, 18, 260000.0),
(91, 59, 200000.0),
(92, 14, 230000.0),
(93, 46, 50000.0),
(94, 15, 260000.0),
(95, 22, 150000.0),
(96, 13, 140000.0),
(97, 30, 160000.0),
(98, 52, 120000.0),
(99, 2, 40000.0),
(100, 23, 60000.0),
(101, 60, 150000.0),
(102, 3, 150000.0),
(103, 50, 20000.0),
(104, 48, 190000.0),
(105, 34, 100000.0),
(106, 24, 270000.0),
(107, 3, 290000.0),
(108, 18, 430000.0),
(109, 35, 40000.0),
(110, 51, 180000.0),
(111, 44, 160000.0),
(112, 54, 350000.0),
(113, 22, 140000.0),
(114, 55, 220000.0),
(115, 38, 50000.0),
(116, 2, 120000.0),
(117, 16, 300000.0),
(118, 33, 100000.0),
(119, 40, 120000.0),
(120, 32, 390000.0);
SET IDENTITY_INSERT TarifaServicio OFF;

SET IDENTITY_INSERT Factura ON;
INSERT INTO Factura (IDFactura, IDCliente, MetodoPago, Total) VALUES
(1, 58, N'Tarjeta', 440000.0),
(2, 8, N'Tarjeta', 160000.0),
(3, 22, N'Transferencia', 160000.0),
(4, 13, N'Efectivo', 360000.0),
(5, 150, N'Efectivo', 100000.0),
(6, 47, N'Tarjeta', 720000.0),
(7, 75, N'Tarjeta', 160000.0),
(8, 67, N'Efectivo', 340000.0),
(9, 1, N'Efectivo', 810000.0),
(10, 116, N'Tarjeta', 370000.0),
(11, 113, N'Efectivo', 780000.0),
(12, 69, N'Efectivo', 320000.0),
(13, 91, N'Efectivo', 470000.0),
(14, 77, N'Efectivo', 360000.0),
(15, 101, N'Transferencia', 430000.0),
(16, 149, N'Transferencia', 670000.0),
(17, 13, N'Tarjeta', 420000.0),
(18, 81, N'Efectivo', 280000.0),
(19, 146, N'Tarjeta', 580000.0),
(20, 106, N'Transferencia', 690000.0),
(21, 65, N'Transferencia', 460000.0),
(22, 139, N'Tarjeta', 230000.0),
(23, 43, N'Transferencia', 380000.0),
(24, 113, N'Efectivo', 760000.0),
(25, 70, N'Tarjeta', 510000.0),
(26, 143, N'Efectivo', 810000.0),
(27, 122, N'Tarjeta', 530000.0),
(28, 145, N'Tarjeta', 520000.0),
(29, 66, N'Tarjeta', 610000.0),
(30, 8, N'Tarjeta', 200000.0),
(31, 77, N'Transferencia', 460000.0),
(32, 33, N'Tarjeta', 410000.0),
(33, 14, N'Tarjeta', 630000.0),
(34, 36, N'Tarjeta', 530000.0),
(35, 103, N'Tarjeta', 340000.0),
(36, 42, N'Transferencia', 640000.0),
(37, 31, N'Tarjeta', 410000.0),
(38, 49, N'Tarjeta', 120000.0),
(39, 75, N'Tarjeta', 510000.0),
(40, 95, N'Transferencia', 350000.0),
(41, 4, N'Tarjeta', 600000.0),
(42, 27, N'Efectivo', 380000.0),
(43, 97, N'Efectivo', 440000.0),
(44, 143, N'Tarjeta', 460000.0),
(45, 147, N'Efectivo', 430000.0),
(46, 149, N'Transferencia', 340000.0),
(47, 53, N'Tarjeta', 190000.0),
(48, 36, N'Transferencia', 400000.0),
(49, 90, N'Tarjeta', 440000.0),
(50, 121, N'Efectivo', 540000.0),
(51, 92, N'Transferencia', 450000.0),
(52, 56, N'Efectivo', 280000.0),
(53, 133, N'Tarjeta', 960000.0),
(54, 129, N'Transferencia', 280000.0),
(55, 2, N'Efectivo', 450000.0),
(56, 33, N'Transferencia', 180000.0),
(57, 14, N'Tarjeta', 620000.0),
(58, 129, N'Efectivo', 380000.0),
(59, 36, N'Transferencia', 430000.0),
(60, 6, N'Tarjeta', 230000.0),
(61, 70, N'Efectivo', 530000.0),
(62, 45, N'Transferencia', 880000.0),
(63, 26, N'Efectivo', 380000.0),
(64, 5, N'Transferencia', 320000.0),
(65, 1, N'Transferencia', 460000.0),
(66, 24, N'Efectivo', 630000.0),
(67, 111, N'Tarjeta', 720000.0),
(68, 123, N'Transferencia', 850000.0),
(69, 145, N'Efectivo', 540000.0),
(70, 9, N'Efectivo', 320000.0),
(71, 53, N'Transferencia', 120000.0),
(72, 101, N'Tarjeta', 610000.0),
(73, 87, N'Transferencia', 590000.0),
(74, 44, N'Transferencia', 170000.0),
(75, 5, N'Transferencia', 100000.0),
(76, 130, N'Efectivo', 240000.0),
(77, 88, N'Transferencia', 270000.0),
(78, 114, N'Efectivo', 490000.0),
(79, 118, N'Transferencia', 770000.0),
(80, 118, N'Transferencia', 830000.0),
(81, 45, N'Efectivo', 540000.0),
(82, 42, N'Tarjeta', 270000.0),
(83, 121, N'Transferencia', 350000.0),
(84, 128, N'Tarjeta', 310000.0),
(85, 46, N'Efectivo', 360000.0),
(86, 126, N'Transferencia', 330000.0),
(87, 121, N'Transferencia', 880000.0),
(88, 22, N'Tarjeta', 510000.0),
(89, 25, N'Transferencia', 430000.0),
(90, 145, N'Efectivo', 620000.0),
(91, 12, N'Tarjeta', 270000.0),
(92, 80, N'Tarjeta', 270000.0),
(93, 99, N'Tarjeta', 290000.0),
(94, 21, N'Transferencia', 380000.0),
(95, 28, N'Transferencia', 290000.0),
(96, 140, N'Tarjeta', 620000.0),
(97, 26, N'Tarjeta', 510000.0),
(98, 144, N'Tarjeta', 360000.0),
(99, 49, N'Transferencia', 120000.0),
(100, 137, N'Tarjeta', 340000.0),
(101, 42, N'Tarjeta', 310000.0),
(102, 119, N'Efectivo', 310000.0),
(103, 108, N'Tarjeta', 230000.0),
(104, 104, N'Efectivo', 550000.0),
(105, 106, N'Tarjeta', 380000.0),
(106, 81, N'Transferencia', 340000.0),
(107, 27, N'Tarjeta', 490000.0),
(108, 137, N'Transferencia', 1030000.0),
(109, 47, N'Transferencia', 320000.0),
(110, 81, N'Tarjeta', 420000.0),
(111, 86, N'Tarjeta', 230000.0),
(112, 46, N'Efectivo', 630000.0),
(113, 51, N'Efectivo', 350000.0),
(114, 58, N'Tarjeta', 700000.0),
(115, 117, N'Transferencia', 190000.0),
(116, 123, N'Transferencia', 320000.0),
(117, 134, N'Tarjeta', 660000.0),
(118, 129, N'Transferencia', 260000.0),
(119, 28, N'Efectivo', 320000.0),
(120, 81, N'Tarjeta', 870000.0);
SET IDENTITY_INSERT Factura OFF;

SET IDENTITY_INSERT DetalleFactura ON;
INSERT INTO DetalleFactura (IDDetalleFactura, IDFactura, IDTarifaServicio, IDTarifaHabitacion, Total) VALUES
(1, 1, 1, 1, 440000.0),
(2, 2, 2, 2, 160000.0),
(3, 3, 3, 3, 160000.0),
(4, 4, 4, 4, 360000.0),
(5, 5, 5, 5, 100000.0),
(6, 6, 6, 6, 720000.0),
(7, 7, 7, 7, 160000.0),
(8, 8, 8, 8, 340000.0),
(9, 9, 9, 9, 810000.0),
(10, 10, 10, 10, 370000.0),
(11, 11, 11, 11, 780000.0),
(12, 12, 12, 12, 320000.0),
(13, 13, 13, 13, 470000.0),
(14, 14, 14, 14, 360000.0),
(15, 15, 15, 15, 430000.0),
(16, 16, 16, 16, 670000.0),
(17, 17, 17, 17, 420000.0),
(18, 18, 18, 18, 280000.0),
(19, 19, 19, 19, 580000.0),
(20, 20, 20, 20, 690000.0),
(21, 21, 21, 21, 460000.0),
(22, 22, 22, 22, 230000.0),
(23, 23, 23, 23, 380000.0),
(24, 24, 24, 24, 760000.0),
(25, 25, 25, 25, 510000.0),
(26, 26, 26, 26, 810000.0),
(27, 27, 27, 27, 530000.0),
(28, 28, 28, 28, 520000.0),
(29, 29, 29, 29, 610000.0),
(30, 30, 30, 30, 200000.0),
(31, 31, 31, 31, 460000.0),
(32, 32, 32, 32, 410000.0),
(33, 33, 33, 33, 630000.0),
(34, 34, 34, 34, 530000.0),
(35, 35, 35, 35, 340000.0),
(36, 36, 36, 36, 640000.0),
(37, 37, 37, 37, 410000.0),
(38, 38, 38, 38, 120000.0),
(39, 39, 39, 39, 510000.0),
(40, 40, 40, 40, 350000.0),
(41, 41, 41, 41, 600000.0),
(42, 42, 42, 42, 380000.0),
(43, 43, 43, 43, 440000.0),
(44, 44, 44, 44, 460000.0),
(45, 45, 45, 45, 430000.0),
(46, 46, 46, 46, 340000.0),
(47, 47, 47, 47, 190000.0),
(48, 48, 48, 48, 400000.0),
(49, 49, 49, 49, 440000.0),
(50, 50, 50, 50, 540000.0),
(51, 51, 51, 51, 450000.0),
(52, 52, 52, 52, 280000.0),
(53, 53, 53, 53, 960000.0),
(54, 54, 54, 54, 280000.0),
(55, 55, 55, 55, 450000.0),
(56, 56, 56, 56, 180000.0),
(57, 57, 57, 57, 620000.0),
(58, 58, 58, 58, 380000.0),
(59, 59, 59, 59, 430000.0),
(60, 60, 60, 60, 230000.0),
(61, 61, 61, 61, 530000.0),
(62, 62, 62, 62, 880000.0),
(63, 63, 63, 63, 380000.0),
(64, 64, 64, 64, 320000.0),
(65, 65, 65, 65, 460000.0),
(66, 66, 66, 66, 630000.0),
(67, 67, 67, 67, 720000.0),
(68, 68, 68, 68, 850000.0),
(69, 69, 69, 69, 540000.0),
(70, 70, 70, 70, 320000.0),
(71, 71, 71, 71, 120000.0),
(72, 72, 72, 72, 610000.0),
(73, 73, 73, 73, 590000.0),
(74, 74, 74, 74, 170000.0),
(75, 75, 75, 75, 100000.0),
(76, 76, 76, 76, 240000.0),
(77, 77, 77, 77, 270000.0),
(78, 78, 78, 78, 490000.0),
(79, 79, 79, 79, 770000.0),
(80, 80, 80, 80, 830000.0),
(81, 81, 81, 81, 540000.0),
(82, 82, 82, 82, 270000.0),
(83, 83, 83, 83, 350000.0),
(84, 84, 84, 84, 310000.0),
(85, 85, 85, 85, 360000.0),
(86, 86, 86, 86, 330000.0),
(87, 87, 87, 87, 880000.0),
(88, 88, 88, 88, 510000.0),
(89, 89, 89, 89, 430000.0),
(90, 90, 90, 90, 620000.0),
(91, 91, 91, 91, 270000.0),
(92, 92, 92, 92, 270000.0),
(93, 93, 93, 93, 290000.0),
(94, 94, 94, 94, 380000.0),
(95, 95, 95, 95, 290000.0),
(96, 96, 96, 96, 620000.0),
(97, 97, 97, 97, 510000.0),
(98, 98, 98, 98, 360000.0),
(99, 99, 99, 99, 120000.0),
(100, 100, 100, 100, 340000.0),
(101, 101, 101, 101, 310000.0),
(102, 102, 102, 102, 310000.0),
(103, 103, 103, 103, 230000.0),
(104, 104, 104, 104, 550000.0),
(105, 105, 105, 105, 380000.0),
(106, 106, 106, 106, 340000.0),
(107, 107, 107, 107, 490000.0),
(108, 108, 108, 108, 1030000.0),
(109, 109, 109, 109, 320000.0),
(110, 110, 110, 110, 420000.0),
(111, 111, 111, 111, 230000.0),
(112, 112, 112, 112, 630000.0),
(113, 113, 113, 113, 350000.0),
(114, 114, 114, 114, 700000.0),
(115, 115, 115, 115, 190000.0),
(116, 116, 116, 116, 320000.0),
(117, 117, 117, 117, 660000.0),
(118, 118, 118, 118, 260000.0),
(119, 119, 119, 119, 320000.0),
(120, 120, 120, 120, 870000.0);
SET IDENTITY_INSERT DetalleFactura OFF;
